-- phpMyAdmin SQL Dump
-- version 5.1.3
-- https://www.phpmyadmin.net/
--
-- Servidor: base
-- Tiempo de generación: 02-05-2022 a las 17:53:06
-- Versión del servidor: 5.7.38
-- Versión de PHP: 8.0.18



SET SQL_MODE = "NO_AUTO_VALUE_ON_ZERO";
START TRANSACTION;
SET time_zone = "+00:00";

--
-- Base de datos: `reservas`
--

DROP DATABASE IF EXISTS reservas;

CREATE DATABASE reservas;

USE reservas;

-- --------------------------------------------------------

--
-- Estructura de tabla para la tabla `Aerolineas`
--

CREATE TABLE `Aerolineas` (
  `Id` int(1) DEFAULT NULL,
  `Nombre` varchar(13) DEFAULT NULL,
  `Codigo` varchar(3) DEFAULT NULL
) ENGINE=InnoDB DEFAULT CHARSET=utf8;

--
-- Volcado de datos para la tabla `Aerolineas`
--

INSERT INTO `Aerolineas` (`Id`, `Nombre`, `Codigo`) VALUES
(1, 'Iberia', 'IBE'),
(2, 'Vueling', 'VY'),
(3, 'Qatar Airways', 'QTR'),
(4, 'EasyJet', 'EZS'),
(5, 'Ryanair', 'FR'),
(6, 'Air Europa', 'UX');

-- --------------------------------------------------------

--
-- Estructura de tabla para la tabla `aerpuertos`
--

CREATE TABLE `aerpuertos` (
  `Id` int(2) DEFAULT NULL,
  `Nombre` varchar(23) DEFAULT NULL,
  `Siglas` varchar(3) DEFAULT NULL,
  `Nacional` varchar(5) DEFAULT NULL
) ENGINE=InnoDB DEFAULT CHARSET=utf8;

--
-- Volcado de datos para la tabla `aerpuertos`
--

INSERT INTO `aerpuertos` (`Id`, `Nombre`, `Siglas`, `Nacional`) VALUES
(1, 'A Coruña', 'LCG', 'true'),
(2, 'Albacete', 'ABC', 'true'),
(3, 'Alicante-Elche', 'ALC', 'true'),
(4, 'Almería', 'LEI', 'true'),
(5, 'Asturias', 'OVD', 'true'),
(6, 'Badajoz', 'BJZ', 'true'),
(7, 'Barcelona-El Prat', 'BCN', 'true'),
(8, 'Bilbao', 'BIO', 'true'),
(9, 'Burgos', 'RGS', 'true'),
(10, 'Córdoba', 'ODB', 'true'),
(11, 'Girona-Costa Brava', 'GRO', 'true'),
(12, 'Gran Canaria', 'LPA', 'true'),
(13, 'Granada-Jaen', 'GRX', 'true'),
(14, 'Ibiza', 'IBZ', 'true'),
(15, 'León', 'LEN', 'true'),
(16, 'Logroño', 'RJL', 'true'),
(17, 'Madrid-Barajas', 'MAD', 'true'),
(18, 'Málaga-Costa del Sol', 'AGP', 'true'),
(19, 'Menorca', 'MAH', 'true'),
(20, 'Palma de Mallorca', 'PMI', 'true'),
(21, 'Pamplona', 'PNA', 'true'),
(22, 'Salamanca', 'SLM', 'true'),
(23, 'San Sebastián', 'EAS', 'true'),
(24, 'Santander', 'SDR', 'true'),
(25, 'Sevilla', 'SVQ', 'true'),
(26, 'Valencia', 'VLC', 'true'),
(27, 'Valladolid', 'VLL', 'true'),
(28, 'Vigo', 'VGO', 'true'),
(29, 'Vitoria', 'VIT', 'true'),
(30, 'Zaragoza', 'ZAZ', 'true'),
(31, 'Frankfurt', 'FRA', 'false'),
(32, 'Paris-Charles de Gaulle', 'CDG', 'false'),
(33, 'Roma-Fiumicino', 'FCO', 'false'),
(34, 'Amsterdam', 'AMS', 'false'),
(35, 'Londres-Heathrow', 'LHR', 'false'),
(36, 'Londres-Gatwick', 'LGW', 'false'),
(37, 'Los Angeles', 'LAX', 'false'),
(38, 'Miami', 'MIA', 'false'),
(39, 'Chicago-O\'Hare', 'ORD', 'false'),
(40, 'Nueva York-JFK', 'JFK', 'false'),
(41, 'Dallas/Fort Worth', 'DFW', 'false'),
(42, 'Washington D.C.-Dulles', 'IAD', 'false');

-- --------------------------------------------------------

--
-- Estructura de tabla para la tabla `vuelos`
--

CREATE TABLE `vuelos` (
  `Id` int(4) DEFAULT NULL,
  `Numero` varchar(7) DEFAULT NULL,
  `Origen` int(2) DEFAULT NULL,
  `Destino` int(2) DEFAULT NULL,
  `Fecha` date DEFAULT NULL,
  `Hora` time DEFAULT NULL,
  `Aerolinea` int(1) DEFAULT NULL
) ENGINE=InnoDB DEFAULT CHARSET=utf8;

--
-- Volcado de datos para la tabla `vuelos`
--

INSERT INTO `vuelos` (`Id`, `Numero`, `Origen`, `Destino`, `Fecha`, `Hora`, `Aerolinea`) VALUES
(1, 'IBE7089', 7, 20, '2021-10-04', '18:20:00', 1),
(2, 'IBE3199', 20, 7, '2021-10-11', '19:00:00', 1),
(3, 'UX0817', 7, 26, '2021-10-05', '14:00:00', 6),
(4, 'UX4857', 26, 7, '2021-10-12', '12:00:00', 6),
(5, 'UX1469', 7, 6, '2021-10-06', '18:10:00', 6),
(6, 'UX9507', 6, 7, '2021-10-13', '22:15:00', 6),
(7, 'IBE4380', 7, 37, '2021-10-07', '10:00:00', 1),
(8, 'IBE3122', 37, 7, '2021-10-14', '07:25:00', 1),
(9, 'UX4156', 7, 26, '2021-10-08', '11:20:00', 6),
(10, 'UX0538', 26, 7, '2021-10-15', '11:25:00', 6),
(11, 'EZS7481', 7, 39, '2021-10-09', '09:15:00', 4),
(12, 'EZS3283', 39, 7, '2021-10-16', '19:00:00', 4),
(13, 'UX1482', 7, 26, '2021-10-10', '15:00:00', 6),
(14, 'UX1913', 26, 7, '2021-10-17', '07:25:00', 6),
(15, 'UX0978', 7, 4, '2021-10-11', '08:45:00', 6),
(16, 'UX4848', 4, 7, '2021-10-18', '12:15:00', 6),
(17, 'VY2282', 7, 23, '2021-10-12', '19:00:00', 2),
(18, 'VY3900', 23, 7, '2021-10-19', '21:50:00', 2),
(19, 'FR2516', 7, 17, '2021-10-13', '10:25:00', 5),
(20, 'FR1969', 17, 7, '2021-10-20', '22:45:00', 5),
(21, 'VY0992', 7, 23, '2021-10-04', '15:50:00', 2),
(22, 'VY7948', 23, 7, '2021-10-11', '18:00:00', 2),
(23, 'IBE9692', 7, 21, '2021-10-05', '13:35:00', 1),
(24, 'IBE6876', 21, 7, '2021-10-12', '08:00:00', 1),
(25, 'VY5829', 7, 4, '2021-10-06', '15:05:00', 2),
(26, 'VY9016', 4, 7, '2021-10-13', '12:25:00', 2),
(27, 'VY0291', 7, 6, '2021-10-07', '22:00:00', 2),
(28, 'VY0907', 6, 7, '2021-10-14', '13:55:00', 2),
(29, 'IBE2214', 7, 28, '2021-10-08', '20:20:00', 1),
(30, 'IBE3557', 28, 7, '2021-10-15', '15:20:00', 1),
(31, 'UX5289', 7, 10, '2021-10-09', '14:20:00', 6),
(32, 'UX8479', 10, 7, '2021-10-16', '08:00:00', 6),
(33, 'EZS8565', 7, 12, '2021-10-10', '14:45:00', 4),
(34, 'EZS7859', 12, 7, '2021-10-17', '17:40:00', 4),
(35, 'EZS6265', 7, 36, '2021-10-11', '19:05:00', 4),
(36, 'EZS4784', 36, 7, '2021-10-18', '14:15:00', 4),
(37, 'FR5137', 7, 13, '2021-10-12', '08:45:00', 5),
(38, 'FR7019', 13, 7, '2021-10-19', '21:25:00', 5),
(39, 'FR7927', 7, 5, '2021-10-13', '14:15:00', 5),
(40, 'FR8535', 5, 7, '2021-10-20', '11:05:00', 5),
(41, 'FR1014', 7, 4, '2021-10-04', '07:20:00', 5),
(42, 'FR3596', 4, 7, '2021-10-11', '08:45:00', 5),
(43, 'IBE6630', 7, 26, '2021-10-05', '19:55:00', 1),
(44, 'IBE9278', 26, 7, '2021-10-12', '22:55:00', 1),
(45, 'UX8496', 7, 41, '2021-10-06', '17:20:00', 6),
(46, 'UX9979', 41, 7, '2021-10-13', '08:20:00', 6),
(47, 'QTR3135', 7, 19, '2021-10-07', '09:20:00', 3),
(48, 'QTR6891', 19, 7, '2021-10-14', '13:05:00', 3),
(49, 'UX2350', 7, 32, '2021-10-08', '12:25:00', 6),
(50, 'UX7464', 32, 7, '2021-10-15', '08:15:00', 6),
(51, 'FR8394', 7, 6, '2021-10-09', '15:30:00', 5),
(52, 'FR9644', 6, 7, '2021-10-16', '19:35:00', 5),
(53, 'UX4825', 7, 9, '2021-10-10', '16:00:00', 6),
(54, 'UX6440', 9, 7, '2021-10-17', '22:55:00', 6),
(55, 'FR4948', 7, 25, '2021-10-11', '11:55:00', 5),
(56, 'FR9619', 25, 7, '2021-10-18', '16:10:00', 5),
(57, 'EZS8027', 7, 41, '2021-10-12', '10:45:00', 4),
(58, 'EZS0725', 41, 7, '2021-10-19', '18:05:00', 4),
(59, 'QTR8845', 7, 3, '2021-10-13', '22:05:00', 3),
(60, 'QTR2508', 3, 7, '2021-10-20', '12:15:00', 3),
(61, 'FR6293', 7, 41, '2021-10-04', '08:00:00', 5),
(62, 'FR6382', 41, 7, '2021-10-11', '19:45:00', 5),
(63, 'EZS7811', 7, 32, '2021-10-05', '20:35:00', 4),
(64, 'EZS7350', 32, 7, '2021-10-12', '10:50:00', 4),
(65, 'QTR0349', 7, 17, '2021-10-06', '19:15:00', 3),
(66, 'QTR1963', 17, 7, '2021-10-13', '07:00:00', 3),
(67, 'EZS0271', 7, 32, '2021-10-07', '12:30:00', 4),
(68, 'EZS8171', 32, 7, '2021-10-14', '13:20:00', 4),
(69, 'QTR7811', 7, 1, '2021-10-08', '17:15:00', 3),
(70, 'QTR2477', 1, 7, '2021-10-15', '22:25:00', 3),
(71, 'FR2818', 7, 23, '2021-10-09', '20:10:00', 5),
(72, 'FR2320', 23, 7, '2021-10-16', '15:50:00', 5),
(73, 'UX6254', 7, 22, '2021-10-10', '11:45:00', 6),
(74, 'UX2728', 22, 7, '2021-10-17', '13:25:00', 6),
(75, 'EZS4918', 7, 11, '2021-10-11', '07:00:00', 4),
(76, 'EZS9995', 11, 7, '2021-10-18', '16:45:00', 4),
(77, 'QTR5067', 7, 3, '2021-10-12', '19:20:00', 3),
(78, 'QTR8425', 3, 7, '2021-10-19', '10:45:00', 3),
(79, 'QTR5343', 7, 22, '2021-10-13', '22:40:00', 3),
(80, 'QTR8386', 22, 7, '2021-10-20', '20:25:00', 3),
(81, 'FR3984', 7, 40, '2021-10-04', '18:45:00', 5),
(82, 'FR1116', 40, 7, '2021-10-11', '18:50:00', 5),
(83, 'UX7662', 7, 33, '2021-10-05', '15:25:00', 6),
(84, 'UX3612', 33, 7, '2021-10-12', '19:20:00', 6),
(85, 'VY2092', 7, 24, '2021-10-06', '13:00:00', 2),
(86, 'VY1277', 24, 7, '2021-10-13', '07:40:00', 2),
(87, 'QTR1850', 7, 14, '2021-10-07', '21:50:00', 3),
(88, 'QTR5205', 14, 7, '2021-10-14', '22:25:00', 3),
(89, 'EZS8563', 7, 16, '2021-10-08', '10:50:00', 4),
(90, 'EZS9164', 16, 7, '2021-10-15', '14:40:00', 4),
(91, 'EZS8828', 7, 34, '2021-10-09', '09:55:00', 4),
(92, 'EZS4367', 34, 7, '2021-10-16', '14:40:00', 4),
(93, 'UX9339', 7, 29, '2021-10-10', '18:25:00', 6),
(94, 'UX3116', 29, 7, '2021-10-17', '14:25:00', 6),
(95, 'IBE1151', 7, 18, '2021-10-11', '07:00:00', 1),
(96, 'IBE3131', 18, 7, '2021-10-18', '12:25:00', 1),
(97, 'UX9851', 7, 23, '2021-10-12', '07:05:00', 6),
(98, 'UX3150', 23, 7, '2021-10-19', '12:05:00', 6),
(99, 'FR5375', 7, 30, '2021-10-13', '14:10:00', 5),
(100, 'FR5126', 30, 7, '2021-10-20', '17:30:00', 5),
(101, 'UX1523', 7, 35, '2021-10-04', '20:10:00', 6),
(102, 'UX1892', 35, 7, '2021-10-11', '13:50:00', 6),
(103, 'UX0179', 7, 35, '2021-10-05', '17:20:00', 6),
(104, 'UX8869', 35, 7, '2021-10-12', '17:20:00', 6),
(105, 'FR5954', 7, 14, '2021-10-06', '12:20:00', 5),
(106, 'FR9979', 14, 7, '2021-10-13', '12:25:00', 5),
(107, 'FR4416', 7, 24, '2021-10-07', '12:35:00', 5),
(108, 'FR1187', 24, 7, '2021-10-14', '21:25:00', 5),
(109, 'QTR9364', 7, 4, '2021-10-08', '21:20:00', 3),
(110, 'QTR2979', 4, 7, '2021-10-15', '15:25:00', 3),
(111, 'IBE4751', 7, 41, '2021-10-09', '20:10:00', 1),
(112, 'IBE3180', 41, 7, '2021-10-16', '07:40:00', 1),
(113, 'QTR0858', 7, 27, '2021-10-10', '10:35:00', 3),
(114, 'QTR9338', 27, 7, '2021-10-17', '15:10:00', 3),
(115, 'QTR7118', 7, 18, '2021-10-11', '16:05:00', 3),
(116, 'QTR6117', 18, 7, '2021-10-18', '16:50:00', 3),
(117, 'UX5641', 7, 1, '2021-10-12', '18:45:00', 6),
(118, 'UX9946', 1, 7, '2021-10-19', '10:20:00', 6),
(119, 'IBE3766', 7, 2, '2021-10-13', '19:50:00', 1),
(120, 'IBE4691', 2, 7, '2021-10-20', '08:30:00', 1),
(121, 'UX6723', 7, 31, '2021-10-04', '16:05:00', 6),
(122, 'UX7743', 31, 7, '2021-10-11', '14:35:00', 6),
(123, 'FR6462', 7, 22, '2021-10-05', '07:35:00', 5),
(124, 'FR7319', 22, 7, '2021-10-12', '09:05:00', 5),
(125, 'UX6201', 7, 18, '2021-10-06', '08:00:00', 6),
(126, 'UX2739', 18, 7, '2021-10-13', '19:50:00', 6),
(127, 'EZS3211', 7, 13, '2021-10-07', '13:35:00', 4),
(128, 'EZS0458', 13, 7, '2021-10-14', '14:05:00', 4),
(129, 'VY6225', 7, 4, '2021-10-08', '18:50:00', 2),
(130, 'VY0122', 4, 7, '2021-10-15', '15:25:00', 2),
(131, 'UX1741', 7, 25, '2021-10-09', '11:05:00', 6),
(132, 'UX0879', 25, 7, '2021-10-16', '18:45:00', 6),
(133, 'VY7269', 7, 34, '2021-10-10', '22:55:00', 2),
(134, 'VY0062', 34, 7, '2021-10-17', '09:20:00', 2),
(135, 'VY9969', 7, 24, '2021-10-11', '07:05:00', 2),
(136, 'VY3843', 24, 7, '2021-10-18', '20:55:00', 2),
(137, 'FR5289', 7, 11, '2021-10-12', '08:45:00', 5),
(138, 'FR4056', 11, 7, '2021-10-19', '14:35:00', 5),
(139, 'IBE0108', 7, 35, '2021-10-13', '16:50:00', 1),
(140, 'IBE8827', 35, 7, '2021-10-20', '20:40:00', 1),
(141, 'UX7300', 7, 37, '2021-10-04', '17:15:00', 6),
(142, 'UX5442', 37, 7, '2021-10-11', '12:40:00', 6),
(143, 'UX3043', 7, 32, '2021-10-05', '11:15:00', 6),
(144, 'UX8239', 32, 7, '2021-10-12', '12:20:00', 6),
(145, 'EZS9003', 7, 39, '2021-10-06', '21:30:00', 4),
(146, 'EZS2253', 39, 7, '2021-10-13', '22:30:00', 4),
(147, 'EZS6758', 7, 19, '2021-10-07', '08:50:00', 4),
(148, 'EZS5224', 19, 7, '2021-10-14', '13:30:00', 4),
(149, 'EZS0072', 7, 2, '2021-10-08', '12:55:00', 4),
(150, 'EZS4419', 2, 7, '2021-10-15', '19:10:00', 4),
(151, 'IBE4147', 7, 31, '2021-10-09', '20:15:00', 1),
(152, 'IBE6544', 31, 7, '2021-10-16', '12:00:00', 1),
(153, 'FR7603', 7, 4, '2021-10-10', '15:40:00', 5),
(154, 'FR2566', 4, 7, '2021-10-17', '10:30:00', 5),
(155, 'VY5508', 7, 5, '2021-10-11', '09:25:00', 2),
(156, 'VY7106', 5, 7, '2021-10-18', '18:45:00', 2),
(157, 'QTR5293', 7, 36, '2021-10-12', '20:45:00', 3),
(158, 'QTR6594', 36, 7, '2021-10-19', '17:00:00', 3),
(159, 'UX4743', 7, 34, '2021-10-13', '09:25:00', 6),
(160, 'UX0844', 34, 7, '2021-10-20', '20:35:00', 6),
(161, 'EZS5367', 7, 38, '2021-10-04', '20:45:00', 4),
(162, 'EZS9379', 38, 7, '2021-10-11', '17:20:00', 4),
(163, 'IBE6611', 7, 24, '2021-10-05', '17:50:00', 1),
(164, 'IBE7313', 24, 7, '2021-10-12', '17:25:00', 1),
(165, 'FR8442', 7, 18, '2021-10-06', '20:00:00', 5),
(166, 'FR9579', 18, 7, '2021-10-13', '09:00:00', 5),
(167, 'IBE9567', 7, 1, '2021-10-07', '20:55:00', 1),
(168, 'IBE2837', 1, 7, '2021-10-14', '21:00:00', 1),
(169, 'VY1214', 7, 38, '2021-10-08', '13:10:00', 2),
(170, 'VY5244', 38, 7, '2021-10-15', '14:30:00', 2),
(171, 'IBE8296', 7, 3, '2021-10-09', '20:35:00', 1),
(172, 'IBE3678', 3, 7, '2021-10-16', '16:25:00', 1),
(173, 'IBE1738', 7, 20, '2021-10-10', '08:40:00', 1),
(174, 'IBE4477', 20, 7, '2021-10-17', '17:45:00', 1),
(175, 'FR1223', 7, 21, '2021-10-11', '21:05:00', 5),
(176, 'FR9072', 21, 7, '2021-10-18', '10:15:00', 5),
(177, 'EZS5289', 7, 37, '2021-10-12', '18:30:00', 4),
(178, 'EZS1716', 37, 7, '2021-10-19', '14:20:00', 4),
(179, 'QTR4290', 7, 26, '2021-10-13', '09:35:00', 3),
(180, 'QTR5452', 26, 7, '2021-10-20', '15:15:00', 3),
(181, 'IBE0058', 7, 3, '2021-10-04', '19:50:00', 1),
(182, 'IBE9597', 3, 7, '2021-10-11', '07:55:00', 1),
(183, 'QTR0685', 7, 24, '2021-10-05', '15:35:00', 3),
(184, 'QTR6431', 24, 7, '2021-10-12', '08:15:00', 3),
(185, 'IBE7544', 7, 2, '2021-10-06', '14:00:00', 1),
(186, 'IBE7116', 2, 7, '2021-10-13', '15:40:00', 1),
(187, 'UX2202', 7, 18, '2021-10-07', '08:05:00', 6),
(188, 'UX3949', 18, 7, '2021-10-14', '19:25:00', 6),
(189, 'EZS7475', 7, 20, '2021-10-08', '20:45:00', 4),
(190, 'EZS7336', 20, 7, '2021-10-15', '14:30:00', 4),
(191, 'UX5207', 7, 27, '2021-10-09', '10:40:00', 6),
(192, 'UX1018', 27, 7, '2021-10-16', '10:50:00', 6),
(193, 'FR1460', 7, 29, '2021-10-10', '16:10:00', 5),
(194, 'FR3699', 29, 7, '2021-10-17', '21:35:00', 5),
(195, 'UX9475', 7, 6, '2021-10-11', '14:20:00', 6),
(196, 'UX4199', 6, 7, '2021-10-18', '10:45:00', 6),
(197, 'FR3839', 7, 14, '2021-10-12', '09:00:00', 5),
(198, 'FR2894', 14, 7, '2021-10-19', '22:25:00', 5),
(199, 'UX2086', 7, 25, '2021-10-13', '15:15:00', 6),
(200, 'UX0616', 25, 7, '2021-10-20', '13:15:00', 6),
(201, 'UX4687', 8, 14, '2021-10-04', '20:40:00', 6),
(202, 'UX3169', 14, 8, '2021-10-11', '14:05:00', 6),
(203, 'IBE4350', 8, 28, '2021-10-05', '20:35:00', 1),
(204, 'IBE8906', 28, 8, '2021-10-12', '10:00:00', 1),
(205, 'EZS6658', 8, 25, '2021-10-06', '18:15:00', 4),
(206, 'EZS4251', 25, 8, '2021-10-13', '16:50:00', 4),
(207, 'IBE3914', 8, 22, '2021-10-07', '16:00:00', 1),
(208, 'IBE2813', 22, 8, '2021-10-14', '14:40:00', 1),
(209, 'QTR5257', 8, 4, '2021-10-08', '08:40:00', 3),
(210, 'QTR4935', 4, 8, '2021-10-15', '13:20:00', 3),
(211, 'IBE7349', 8, 27, '2021-10-09', '08:40:00', 1),
(212, 'IBE6147', 27, 8, '2021-10-16', '13:35:00', 1),
(213, 'UX5149', 8, 18, '2021-10-10', '09:55:00', 6),
(214, 'UX7368', 18, 8, '2021-10-17', '18:50:00', 6),
(215, 'QTR5502', 8, 29, '2021-10-11', '12:00:00', 3),
(216, 'QTR0794', 29, 8, '2021-10-18', '17:20:00', 3),
(217, 'QTR7735', 8, 37, '2021-10-12', '10:35:00', 3),
(218, 'QTR3214', 37, 8, '2021-10-19', '10:40:00', 3),
(219, 'QTR7622', 8, 18, '2021-10-13', '07:10:00', 3),
(220, 'QTR5872', 18, 8, '2021-10-20', '10:20:00', 3),
(221, 'UX2938', 8, 34, '2021-10-04', '07:15:00', 6),
(222, 'UX5842', 34, 8, '2021-10-11', '16:00:00', 6),
(223, 'QTR4596', 8, 3, '2021-10-05', '16:35:00', 3),
(224, 'QTR9324', 3, 8, '2021-10-12', '12:40:00', 3),
(225, 'UX0138', 8, 35, '2021-10-06', '19:30:00', 6),
(226, 'UX9214', 35, 8, '2021-10-13', '17:05:00', 6),
(227, 'UX1969', 8, 37, '2021-10-07', '09:15:00', 6),
(228, 'UX3125', 37, 8, '2021-10-14', '19:10:00', 6),
(229, 'UX6943', 8, 37, '2021-10-08', '14:35:00', 6),
(230, 'UX8397', 37, 8, '2021-10-15', '11:30:00', 6),
(231, 'VY4504', 8, 15, '2021-10-09', '18:00:00', 2),
(232, 'VY1373', 15, 8, '2021-10-16', '16:35:00', 2),
(233, 'FR9715', 8, 23, '2021-10-10', '16:00:00', 5),
(234, 'FR5292', 23, 8, '2021-10-17', '18:15:00', 5),
(235, 'UX0875', 8, 4, '2021-10-11', '21:10:00', 6),
(236, 'UX7652', 4, 8, '2021-10-18', '15:50:00', 6),
(237, 'VY1178', 8, 32, '2021-10-12', '07:00:00', 2),
(238, 'VY3156', 32, 8, '2021-10-19', '21:15:00', 2),
(239, 'VY5774', 8, 27, '2021-10-13', '22:15:00', 2),
(240, 'VY2969', 27, 8, '2021-10-20', '18:20:00', 2),
(241, 'VY2807', 8, 4, '2021-10-04', '11:15:00', 2),
(242, 'VY0848', 4, 8, '2021-10-11', '10:05:00', 2),
(243, 'UX3065', 8, 20, '2021-10-05', '15:25:00', 6),
(244, 'UX0841', 20, 8, '2021-10-12', '21:25:00', 6),
(245, 'VY4716', 8, 4, '2021-10-06', '21:10:00', 2),
(246, 'VY9761', 4, 8, '2021-10-13', '07:20:00', 2),
(247, 'VY9188', 8, 31, '2021-10-07', '12:35:00', 2),
(248, 'VY6318', 31, 8, '2021-10-14', '16:05:00', 2),
(249, 'QTR9981', 8, 17, '2021-10-08', '20:20:00', 3),
(250, 'QTR6651', 17, 8, '2021-10-15', '11:55:00', 3),
(251, 'QTR5513', 8, 23, '2021-10-09', '12:30:00', 3),
(252, 'QTR5906', 23, 8, '2021-10-16', '18:35:00', 3),
(253, 'QTR0830', 8, 35, '2021-10-10', '16:20:00', 3),
(254, 'QTR6222', 35, 8, '2021-10-17', '11:15:00', 3),
(255, 'VY5754', 8, 23, '2021-10-11', '07:10:00', 2),
(256, 'VY8572', 23, 8, '2021-10-18', '19:50:00', 2),
(257, 'IBE8142', 8, 33, '2021-10-12', '16:10:00', 1),
(258, 'IBE6782', 33, 8, '2021-10-19', '12:10:00', 1),
(259, 'VY3900', 8, 32, '2021-10-13', '07:15:00', 2),
(260, 'VY3313', 32, 8, '2021-10-20', '16:35:00', 2),
(261, 'QTR0027', 8, 27, '2021-10-04', '16:35:00', 3),
(262, 'QTR3080', 27, 8, '2021-10-11', '19:15:00', 3),
(263, 'FR8208', 8, 24, '2021-10-05', '13:30:00', 5),
(264, 'FR2827', 24, 8, '2021-10-12', '20:25:00', 5),
(265, 'EZS9169', 8, 26, '2021-10-06', '16:10:00', 4),
(266, 'EZS6796', 26, 8, '2021-10-13', '16:05:00', 4),
(267, 'VY1926', 8, 38, '2021-10-07', '19:30:00', 2),
(268, 'VY4827', 38, 8, '2021-10-14', '11:05:00', 2),
(269, 'VY7591', 8, 10, '2021-10-08', '07:45:00', 2),
(270, 'VY0638', 10, 8, '2021-10-15', '18:20:00', 2),
(271, 'IBE2422', 8, 6, '2021-10-09', '16:55:00', 1),
(272, 'IBE7341', 6, 8, '2021-10-16', '18:00:00', 1),
(273, 'IBE8964', 8, 6, '2021-10-10', '22:25:00', 1),
(274, 'IBE9474', 6, 8, '2021-10-17', '08:05:00', 1),
(275, 'EZS3944', 8, 17, '2021-10-11', '11:35:00', 4),
(276, 'EZS7495', 17, 8, '2021-10-18', '11:30:00', 4),
(277, 'IBE7396', 8, 20, '2021-10-12', '22:45:00', 1),
(278, 'IBE4223', 20, 8, '2021-10-19', '18:10:00', 1),
(279, 'FR8147', 8, 33, '2021-10-13', '12:45:00', 5),
(280, 'FR1136', 33, 8, '2021-10-20', '21:30:00', 5),
(281, 'EZS6968', 8, 4, '2021-10-04', '14:25:00', 4),
(282, 'EZS9014', 4, 8, '2021-10-11', '10:30:00', 4),
(283, 'VY6070', 8, 6, '2021-10-05', '19:00:00', 2),
(284, 'VY6705', 6, 8, '2021-10-12', '10:40:00', 2),
(285, 'EZS0374', 8, 38, '2021-10-06', '18:50:00', 4),
(286, 'EZS5367', 38, 8, '2021-10-13', '19:15:00', 4),
(287, 'FR0057', 8, 34, '2021-10-07', '16:55:00', 5),
(288, 'FR4288', 34, 8, '2021-10-14', '18:00:00', 5),
(289, 'UX8167', 8, 39, '2021-10-08', '15:15:00', 6),
(290, 'UX9867', 39, 8, '2021-10-15', '20:10:00', 6),
(291, 'QTR3924', 8, 27, '2021-10-09', '10:50:00', 3),
(292, 'QTR7094', 27, 8, '2021-10-16', '08:55:00', 3),
(293, 'UX4976', 8, 7, '2021-10-10', '22:35:00', 6),
(294, 'UX4410', 7, 8, '2021-10-17', '19:30:00', 6),
(295, 'VY3883', 8, 31, '2021-10-11', '11:05:00', 2),
(296, 'VY8952', 31, 8, '2021-10-18', '21:00:00', 2),
(297, 'UX2265', 8, 6, '2021-10-12', '09:05:00', 6),
(298, 'UX4792', 6, 8, '2021-10-19', '11:55:00', 6),
(299, 'UX8266', 8, 37, '2021-10-13', '08:30:00', 6),
(300, 'UX6167', 37, 8, '2021-10-20', '18:00:00', 6),
(301, 'QTR4578', 8, 41, '2021-10-04', '15:35:00', 3),
(302, 'QTR2932', 41, 8, '2021-10-11', '12:35:00', 3),
(303, 'EZS8612', 8, 33, '2021-10-05', '10:55:00', 4),
(304, 'EZS1251', 33, 8, '2021-10-12', '22:35:00', 4),
(305, 'EZS8811', 8, 7, '2021-10-06', '22:15:00', 4),
(306, 'EZS4434', 7, 8, '2021-10-13', '11:40:00', 4),
(307, 'UX4357', 8, 39, '2021-10-07', '08:15:00', 6),
(308, 'UX9648', 39, 8, '2021-10-14', '07:20:00', 6),
(309, 'UX5994', 8, 7, '2021-10-08', '08:15:00', 6),
(310, 'UX5314', 7, 8, '2021-10-15', '20:15:00', 6),
(311, 'VY7892', 8, 15, '2021-10-09', '09:20:00', 2),
(312, 'VY0848', 15, 8, '2021-10-16', '08:50:00', 2),
(313, 'VY4315', 8, 28, '2021-10-10', '09:25:00', 2),
(314, 'VY8458', 28, 8, '2021-10-17', '16:35:00', 2),
(315, 'IBE1097', 8, 16, '2021-10-11', '21:40:00', 1),
(316, 'IBE9687', 16, 8, '2021-10-18', '10:45:00', 1),
(317, 'FR4031', 8, 39, '2021-10-12', '17:10:00', 5),
(318, 'FR9832', 39, 8, '2021-10-19', '09:50:00', 5),
(319, 'VY2065', 8, 15, '2021-10-13', '22:55:00', 2),
(320, 'VY6493', 15, 8, '2021-10-20', '22:55:00', 2),
(321, 'UX4333', 8, 15, '2021-10-04', '15:05:00', 6),
(322, 'UX9454', 15, 8, '2021-10-11', '07:05:00', 6),
(323, 'FR6603', 8, 13, '2021-10-05', '17:20:00', 5),
(324, 'FR8068', 13, 8, '2021-10-12', '22:00:00', 5),
(325, 'IBE9268', 8, 3, '2021-10-06', '08:25:00', 1),
(326, 'IBE9983', 3, 8, '2021-10-13', '10:15:00', 1),
(327, 'QTR2587', 8, 31, '2021-10-07', '12:40:00', 3),
(328, 'QTR3796', 31, 8, '2021-10-14', '18:25:00', 3),
(329, 'VY7550', 8, 24, '2021-10-08', '21:20:00', 2),
(330, 'VY6232', 24, 8, '2021-10-15', '08:50:00', 2),
(331, 'FR7713', 8, 33, '2021-10-09', '16:20:00', 5),
(332, 'FR8192', 33, 8, '2021-10-16', '18:20:00', 5),
(333, 'VY2016', 8, 35, '2021-10-10', '20:35:00', 2),
(334, 'VY2271', 35, 8, '2021-10-17', '12:20:00', 2),
(335, 'IBE1564', 8, 34, '2021-10-11', '20:35:00', 1),
(336, 'IBE9243', 34, 8, '2021-10-18', '21:05:00', 1),
(337, 'EZS5335', 8, 19, '2021-10-12', '15:20:00', 4),
(338, 'EZS9314', 19, 8, '2021-10-19', '22:05:00', 4),
(339, 'EZS9091', 8, 21, '2021-10-13', '16:45:00', 4),
(340, 'EZS9452', 21, 8, '2021-10-20', '15:10:00', 4),
(341, 'IBE5877', 8, 12, '2021-10-04', '09:35:00', 1),
(342, 'IBE6478', 12, 8, '2021-10-11', '21:20:00', 1),
(343, 'UX4247', 8, 4, '2021-10-05', '08:20:00', 6),
(344, 'UX2436', 4, 8, '2021-10-12', '16:35:00', 6),
(345, 'VY8192', 8, 26, '2021-10-06', '09:50:00', 2),
(346, 'VY7272', 26, 8, '2021-10-13', '22:50:00', 2),
(347, 'EZS3121', 8, 35, '2021-10-07', '18:05:00', 4),
(348, 'EZS9378', 35, 8, '2021-10-14', '09:50:00', 4),
(349, 'IBE5015', 8, 34, '2021-10-08', '07:30:00', 1),
(350, 'IBE5586', 34, 8, '2021-10-15', '11:10:00', 1),
(351, 'VY4272', 8, 3, '2021-10-09', '16:40:00', 2),
(352, 'VY0144', 3, 8, '2021-10-16', '21:25:00', 2),
(353, 'EZS4112', 8, 9, '2021-10-10', '07:35:00', 4),
(354, 'EZS7714', 9, 8, '2021-10-17', '20:15:00', 4),
(355, 'FR2685', 8, 41, '2021-10-11', '07:45:00', 5),
(356, 'FR8509', 41, 8, '2021-10-18', '11:05:00', 5),
(357, 'VY5765', 8, 5, '2021-10-12', '11:00:00', 2),
(358, 'VY0759', 5, 8, '2021-10-19', '09:25:00', 2),
(359, 'FR0332', 8, 18, '2021-10-13', '18:10:00', 5),
(360, 'FR9853', 18, 8, '2021-10-20', '14:25:00', 5),
(361, 'UX0299', 8, 27, '2021-10-04', '15:25:00', 6),
(362, 'UX1473', 27, 8, '2021-10-11', '07:55:00', 6),
(363, 'EZS1935', 8, 31, '2021-10-05', '12:10:00', 4),
(364, 'EZS4750', 31, 8, '2021-10-12', '13:50:00', 4),
(365, 'FR1308', 8, 16, '2021-10-06', '13:05:00', 5),
(366, 'FR6292', 16, 8, '2021-10-13', '22:55:00', 5),
(367, 'EZS5027', 8, 22, '2021-10-07', '15:20:00', 4),
(368, 'EZS6508', 22, 8, '2021-10-14', '08:25:00', 4),
(369, 'VY6946', 8, 21, '2021-10-08', '07:20:00', 2),
(370, 'VY2421', 21, 8, '2021-10-15', '15:35:00', 2),
(371, 'UX9063', 8, 39, '2021-10-09', '17:50:00', 6),
(372, 'UX2586', 39, 8, '2021-10-16', '12:00:00', 6),
(373, 'EZS3279', 8, 5, '2021-10-10', '16:20:00', 4),
(374, 'EZS5073', 5, 8, '2021-10-17', '21:10:00', 4),
(375, 'IBE7018', 8, 13, '2021-10-11', '14:50:00', 1),
(376, 'IBE6927', 13, 8, '2021-10-18', '19:35:00', 1),
(377, 'VY0730', 8, 2, '2021-10-12', '11:40:00', 2),
(378, 'VY0045', 2, 8, '2021-10-19', '08:30:00', 2),
(379, 'UX3334', 8, 11, '2021-10-13', '16:00:00', 6),
(380, 'UX7855', 11, 8, '2021-10-20', '16:15:00', 6),
(381, 'QTR0920', 8, 38, '2021-10-04', '11:20:00', 3),
(382, 'QTR9998', 38, 8, '2021-10-11', '21:35:00', 3),
(383, 'FR6678', 8, 3, '2021-10-05', '16:45:00', 5),
(384, 'FR5832', 3, 8, '2021-10-12', '22:55:00', 5),
(385, 'VY2749', 8, 20, '2021-10-06', '18:40:00', 2),
(386, 'VY9430', 20, 8, '2021-10-13', '11:50:00', 2),
(387, 'QTR3559', 8, 36, '2021-10-07', '07:55:00', 3),
(388, 'QTR1977', 36, 8, '2021-10-14', '17:05:00', 3),
(389, 'IBE5903', 8, 35, '2021-10-08', '21:40:00', 1),
(390, 'IBE7249', 35, 8, '2021-10-15', '21:20:00', 1),
(391, 'IBE2767', 8, 33, '2021-10-09', '22:10:00', 1),
(392, 'IBE5870', 33, 8, '2021-10-16', '22:30:00', 1),
(393, 'QTR0736', 8, 3, '2021-10-10', '20:50:00', 3),
(394, 'QTR8409', 3, 8, '2021-10-17', '22:05:00', 3),
(395, 'IBE0606', 8, 26, '2021-10-11', '09:00:00', 1),
(396, 'IBE6019', 26, 8, '2021-10-18', '09:35:00', 1),
(397, 'FR1943', 8, 25, '2021-10-12', '17:20:00', 5),
(398, 'FR1662', 25, 8, '2021-10-19', '15:55:00', 5),
(399, 'FR6678', 8, 12, '2021-10-13', '17:20:00', 5),
(400, 'FR8192', 12, 8, '2021-10-20', '13:00:00', 5),
(401, 'IBE6352', 17, 28, '2021-10-04', '11:10:00', 1),
(402, 'IBE2055', 28, 17, '2021-10-11', '14:10:00', 1),
(403, 'QTR0812', 17, 41, '2021-10-05', '19:55:00', 3),
(404, 'QTR3413', 41, 17, '2021-10-12', '22:10:00', 3),
(405, 'IBE0196', 17, 36, '2021-10-06', '18:05:00', 1),
(406, 'IBE0272', 36, 17, '2021-10-13', '17:00:00', 1),
(407, 'EZS1233', 17, 21, '2021-10-07', '13:25:00', 4),
(408, 'EZS0111', 21, 17, '2021-10-14', '10:40:00', 4),
(409, 'VY2130', 17, 28, '2021-10-08', '12:10:00', 2),
(410, 'VY0358', 28, 17, '2021-10-15', '15:50:00', 2),
(411, 'FR1856', 17, 14, '2021-10-09', '14:45:00', 5),
(412, 'FR2995', 14, 17, '2021-10-16', '19:25:00', 5),
(413, 'UX9749', 17, 1, '2021-10-10', '13:45:00', 6),
(414, 'UX9595', 1, 17, '2021-10-17', '19:15:00', 6),
(415, 'FR6585', 17, 23, '2021-10-11', '09:15:00', 5),
(416, 'FR0365', 23, 17, '2021-10-18', '11:50:00', 5),
(417, 'VY2738', 17, 41, '2021-10-12', '09:05:00', 2),
(418, 'VY4745', 41, 17, '2021-10-19', '14:25:00', 2),
(419, 'EZS8991', 17, 36, '2021-10-13', '10:25:00', 4),
(420, 'EZS3472', 36, 17, '2021-10-20', '11:40:00', 4),
(421, 'EZS1865', 17, 38, '2021-10-04', '20:35:00', 4),
(422, 'EZS3228', 38, 17, '2021-10-11', '09:25:00', 4),
(423, 'FR1206', 17, 13, '2021-10-05', '13:25:00', 5),
(424, 'FR5761', 13, 17, '2021-10-12', '17:30:00', 5),
(425, 'FR0154', 17, 1, '2021-10-06', '10:55:00', 5),
(426, 'FR6589', 1, 17, '2021-10-13', '17:10:00', 5),
(427, 'EZS7098', 17, 12, '2021-10-07', '09:25:00', 4),
(428, 'EZS2416', 12, 17, '2021-10-14', '11:25:00', 4),
(429, 'QTR2582', 17, 2, '2021-10-08', '16:25:00', 3),
(430, 'QTR2126', 2, 17, '2021-10-15', '10:20:00', 3),
(431, 'EZS4091', 17, 8, '2021-10-09', '09:50:00', 4),
(432, 'EZS0518', 8, 17, '2021-10-16', '13:30:00', 4),
(433, 'EZS9917', 17, 22, '2021-10-10', '21:10:00', 4),
(434, 'EZS3303', 22, 17, '2021-10-17', '17:45:00', 4),
(435, 'FR3573', 17, 24, '2021-10-11', '18:00:00', 5),
(436, 'FR1613', 24, 17, '2021-10-18', '09:25:00', 5),
(437, 'QTR0909', 17, 28, '2021-10-12', '16:10:00', 3),
(438, 'QTR3554', 28, 17, '2021-10-19', '22:10:00', 3),
(439, 'IBE6535', 17, 4, '2021-10-13', '14:45:00', 1),
(440, 'IBE8262', 4, 17, '2021-10-20', '19:35:00', 1),
(441, 'VY0377', 17, 34, '2021-10-04', '17:55:00', 2),
(442, 'VY0457', 34, 17, '2021-10-11', '19:20:00', 2),
(443, 'FR0234', 17, 19, '2021-10-05', '21:05:00', 5),
(444, 'FR0596', 19, 17, '2021-10-12', '22:55:00', 5),
(445, 'FR2810', 17, 22, '2021-10-06', '13:05:00', 5),
(446, 'FR5171', 22, 17, '2021-10-13', '16:05:00', 5),
(447, 'VY0570', 17, 41, '2021-10-07', '11:00:00', 2),
(448, 'VY1393', 41, 17, '2021-10-14', '17:40:00', 2),
(449, 'QTR4077', 17, 8, '2021-10-08', '13:10:00', 3),
(450, 'QTR1767', 8, 17, '2021-10-15', '22:20:00', 3),
(451, 'UX5197', 17, 11, '2021-10-09', '08:50:00', 6),
(452, 'UX5399', 11, 17, '2021-10-16', '16:25:00', 6),
(453, 'UX9836', 17, 26, '2021-10-10', '21:00:00', 6),
(454, 'UX7648', 26, 17, '2021-10-17', '18:40:00', 6),
(455, 'VY9919', 17, 1, '2021-10-11', '20:10:00', 2),
(456, 'VY8738', 1, 17, '2021-10-18', '16:15:00', 2),
(457, 'IBE1819', 17, 37, '2021-10-12', '16:10:00', 1),
(458, 'IBE7742', 37, 17, '2021-10-19', '13:10:00', 1),
(459, 'UX7013', 17, 7, '2021-10-13', '21:15:00', 6),
(460, 'UX4976', 7, 17, '2021-10-20', '17:20:00', 6),
(461, 'IBE4406', 17, 5, '2021-10-04', '10:40:00', 1),
(462, 'IBE5577', 5, 17, '2021-10-11', '09:45:00', 1),
(463, 'VY5856', 17, 21, '2021-10-05', '08:55:00', 2),
(464, 'VY0372', 21, 17, '2021-10-12', '13:35:00', 2),
(465, 'VY0432', 17, 26, '2021-10-06', '08:35:00', 2),
(466, 'VY2027', 26, 17, '2021-10-13', '22:25:00', 2),
(467, 'IBE3320', 17, 15, '2021-10-07', '19:05:00', 1),
(468, 'IBE4919', 15, 17, '2021-10-14', '11:05:00', 1),
(469, 'IBE6826', 17, 5, '2021-10-08', '08:15:00', 1),
(470, 'IBE4339', 5, 17, '2021-10-15', '18:50:00', 1),
(471, 'EZS5766', 17, 41, '2021-10-09', '17:50:00', 4),
(472, 'EZS0303', 41, 17, '2021-10-16', '20:25:00', 4),
(473, 'IBE2399', 17, 31, '2021-10-10', '15:05:00', 1),
(474, 'IBE3453', 31, 17, '2021-10-17', '12:00:00', 1),
(475, 'IBE0339', 17, 27, '2021-10-11', '09:55:00', 1),
(476, 'IBE3426', 27, 17, '2021-10-18', '15:10:00', 1),
(477, 'VY7976', 17, 5, '2021-10-12', '16:20:00', 2),
(478, 'VY0907', 5, 17, '2021-10-19', '12:50:00', 2),
(479, 'IBE1335', 17, 7, '2021-10-13', '11:00:00', 1),
(480, 'IBE3799', 7, 17, '2021-10-20', '11:45:00', 1),
(481, 'UX1243', 17, 30, '2021-10-04', '22:05:00', 6),
(482, 'UX6656', 30, 17, '2021-10-11', '14:15:00', 6),
(483, 'IBE2652', 17, 41, '2021-10-05', '19:15:00', 1),
(484, 'IBE2939', 41, 17, '2021-10-12', '21:05:00', 1),
(485, 'IBE9837', 17, 37, '2021-10-06', '17:10:00', 1),
(486, 'IBE8720', 37, 17, '2021-10-13', '21:00:00', 1),
(487, 'EZS7619', 17, 20, '2021-10-07', '07:15:00', 4),
(488, 'EZS4230', 20, 17, '2021-10-14', '07:25:00', 4),
(489, 'IBE8548', 17, 25, '2021-10-08', '10:35:00', 1),
(490, 'IBE6627', 25, 17, '2021-10-15', '16:45:00', 1),
(491, 'EZS4537', 17, 9, '2021-10-09', '19:40:00', 4),
(492, 'EZS1679', 9, 17, '2021-10-16', '08:35:00', 4),
(493, 'FR5372', 17, 27, '2021-10-10', '15:40:00', 5),
(494, 'FR8650', 27, 17, '2021-10-17', '20:50:00', 5),
(495, 'IBE4431', 17, 37, '2021-10-11', '08:50:00', 1),
(496, 'IBE8863', 37, 17, '2021-10-18', '17:50:00', 1),
(497, 'VY7476', 17, 40, '2021-10-12', '22:55:00', 2),
(498, 'VY1893', 40, 17, '2021-10-19', '11:30:00', 2),
(499, 'FR9399', 17, 26, '2021-10-13', '19:05:00', 5),
(500, 'FR2359', 26, 17, '2021-10-20', '15:40:00', 5),
(501, 'FR7456', 17, 37, '2021-10-04', '18:35:00', 5),
(502, 'FR8122', 37, 17, '2021-10-11', '22:55:00', 5),
(503, 'EZS4995', 17, 37, '2021-10-05', '11:05:00', 4),
(504, 'EZS8247', 37, 17, '2021-10-12', '08:50:00', 4),
(505, 'QTR9802', 17, 41, '2021-10-06', '07:25:00', 3),
(506, 'QTR0586', 41, 17, '2021-10-13', '19:55:00', 3),
(507, 'FR1698', 17, 35, '2021-10-07', '10:40:00', 5),
(508, 'FR9599', 35, 17, '2021-10-14', '14:45:00', 5),
(509, 'EZS9758', 17, 35, '2021-10-08', '17:25:00', 4),
(510, 'EZS2317', 35, 17, '2021-10-15', '21:25:00', 4),
(511, 'UX1373', 17, 20, '2021-10-09', '11:00:00', 6),
(512, 'UX1772', 20, 17, '2021-10-16', '17:15:00', 6),
(513, 'QTR8072', 17, 20, '2021-10-10', '16:30:00', 3),
(514, 'QTR5009', 20, 17, '2021-10-17', '11:20:00', 3),
(515, 'FR5297', 17, 25, '2021-10-11', '10:05:00', 5),
(516, 'FR4621', 25, 17, '2021-10-18', '15:45:00', 5),
(517, 'IBE2239', 17, 12, '2021-10-12', '21:25:00', 1),
(518, 'IBE0968', 12, 17, '2021-10-19', '21:10:00', 1),
(519, 'VY8984', 17, 5, '2021-10-13', '12:10:00', 2),
(520, 'VY5381', 5, 17, '2021-10-20', '12:55:00', 2),
(521, 'UX6781', 17, 9, '2021-10-04', '12:00:00', 6),
(522, 'UX7693', 9, 17, '2021-10-11', '18:15:00', 6),
(523, 'VY2928', 17, 20, '2021-10-05', '11:25:00', 2),
(524, 'VY3163', 20, 17, '2021-10-12', '07:05:00', 2),
(525, 'UX3269', 17, 19, '2021-10-06', '11:10:00', 6),
(526, 'UX3907', 19, 17, '2021-10-13', '21:05:00', 6),
(527, 'VY0470', 17, 19, '2021-10-07', '18:15:00', 2),
(528, 'VY0985', 19, 17, '2021-10-14', '17:45:00', 2),
(529, 'QTR0412', 17, 20, '2021-10-08', '16:50:00', 3),
(530, 'QTR2777', 20, 17, '2021-10-15', '07:10:00', 3),
(531, 'VY8592', 17, 37, '2021-10-09', '22:10:00', 2),
(532, 'VY1159', 37, 17, '2021-10-16', '12:05:00', 2),
(533, 'QTR3134', 17, 34, '2021-10-10', '19:55:00', 3),
(534, 'QTR8567', 34, 17, '2021-10-17', '15:30:00', 3),
(535, 'VY7004', 17, 37, '2021-10-11', '13:45:00', 2),
(536, 'VY0354', 37, 17, '2021-10-18', '19:15:00', 2),
(537, 'UX8184', 17, 15, '2021-10-12', '07:50:00', 6),
(538, 'UX3635', 15, 17, '2021-10-19', '14:55:00', 6),
(539, 'VY9264', 17, 21, '2021-10-13', '11:45:00', 2),
(540, 'VY4598', 21, 17, '2021-10-20', '18:00:00', 2),
(541, 'EZS9645', 17, 2, '2021-10-04', '20:35:00', 4),
(542, 'EZS4805', 2, 17, '2021-10-11', '07:55:00', 4),
(543, 'EZS4042', 17, 3, '2021-10-05', '18:20:00', 4),
(544, 'EZS3739', 3, 17, '2021-10-12', '15:30:00', 4),
(545, 'VY9694', 17, 15, '2021-10-06', '11:05:00', 2),
(546, 'VY4803', 15, 17, '2021-10-13', '16:40:00', 2),
(547, 'QTR6828', 17, 21, '2021-10-07', '12:50:00', 3),
(548, 'QTR4827', 21, 17, '2021-10-14', '17:35:00', 3),
(549, 'VY3403', 17, 9, '2021-10-08', '12:05:00', 2),
(550, 'VY8455', 9, 17, '2021-10-15', '17:55:00', 2),
(551, 'EZS9060', 17, 8, '2021-10-09', '21:55:00', 4),
(552, 'EZS1577', 8, 17, '2021-10-16', '09:25:00', 4),
(553, 'IBE3276', 17, 36, '2021-10-10', '21:15:00', 1),
(554, 'IBE5532', 36, 17, '2021-10-17', '12:20:00', 1),
(555, 'IBE3614', 17, 20, '2021-10-11', '18:45:00', 1),
(556, 'IBE9216', 20, 17, '2021-10-18', '18:15:00', 1),
(557, 'FR7218', 17, 4, '2021-10-12', '11:45:00', 5),
(558, 'FR0370', 4, 17, '2021-10-19', '07:55:00', 5),
(559, 'QTR7365', 17, 4, '2021-10-13', '14:55:00', 3),
(560, 'QTR1067', 4, 17, '2021-10-20', '18:05:00', 3),
(561, 'IBE1196', 17, 8, '2021-10-04', '09:45:00', 1),
(562, 'IBE8014', 8, 17, '2021-10-11', '08:35:00', 1),
(563, 'IBE8147', 17, 5, '2021-10-05', '18:25:00', 1),
(564, 'IBE4792', 5, 17, '2021-10-12', '19:05:00', 1),
(565, 'FR6311', 17, 27, '2021-10-06', '17:50:00', 5),
(566, 'FR1603', 27, 17, '2021-10-13', '19:15:00', 5),
(567, 'EZS2148', 17, 26, '2021-10-07', '20:05:00', 4),
(568, 'EZS1439', 26, 17, '2021-10-14', '13:40:00', 4),
(569, 'QTR1780', 17, 28, '2021-10-08', '08:05:00', 3),
(570, 'QTR4739', 28, 17, '2021-10-15', '07:10:00', 3),
(571, 'VY0003', 17, 35, '2021-10-09', '20:50:00', 2),
(572, 'VY5779', 35, 17, '2021-10-16', '11:30:00', 2),
(573, 'VY0189', 17, 22, '2021-10-10', '10:45:00', 2),
(574, 'VY4347', 22, 17, '2021-10-17', '10:30:00', 2),
(575, 'QTR8576', 17, 10, '2021-10-11', '11:55:00', 3),
(576, 'QTR4399', 10, 17, '2021-10-18', '21:50:00', 3),
(577, 'QTR9875', 17, 36, '2021-10-12', '16:15:00', 3),
(578, 'QTR7110', 36, 17, '2021-10-19', '22:00:00', 3),
(579, 'FR5213', 17, 32, '2021-10-13', '16:00:00', 5),
(580, 'FR9226', 32, 17, '2021-10-20', '11:35:00', 5),
(581, 'FR2803', 17, 31, '2021-10-04', '22:00:00', 5),
(582, 'FR4506', 31, 17, '2021-10-11', '21:55:00', 5),
(583, 'EZS4762', 17, 30, '2021-10-05', '09:45:00', 4),
(584, 'EZS7785', 30, 17, '2021-10-12', '10:45:00', 4),
(585, 'FR6020', 17, 22, '2021-10-06', '15:00:00', 5),
(586, 'FR9205', 22, 17, '2021-10-13', '08:40:00', 5),
(587, 'UX2546', 17, 11, '2021-10-07', '12:10:00', 6),
(588, 'UX8590', 11, 17, '2021-10-14', '13:55:00', 6),
(589, 'EZS9411', 17, 41, '2021-10-08', '15:45:00', 4),
(590, 'EZS9939', 41, 17, '2021-10-15', '14:40:00', 4),
(591, 'IBE6014', 17, 30, '2021-10-09', '14:40:00', 1),
(592, 'IBE4315', 30, 17, '2021-10-16', '14:15:00', 1),
(593, 'VY0255', 17, 34, '2021-10-10', '07:20:00', 2),
(594, 'VY3549', 34, 17, '2021-10-17', '10:30:00', 2),
(595, 'VY1416', 17, 4, '2021-10-11', '15:40:00', 2),
(596, 'VY8890', 4, 17, '2021-10-18', '14:15:00', 2),
(597, 'EZS3562', 17, 2, '2021-10-12', '22:40:00', 4),
(598, 'EZS8139', 2, 17, '2021-10-19', '17:15:00', 4),
(599, 'IBE6119', 17, 34, '2021-10-13', '17:10:00', 1),
(600, 'IBE1638', 34, 17, '2021-10-20', '18:05:00', 1),
(601, 'VY2507', 25, 15, '2021-10-04', '13:35:00', 2),
(602, 'VY2820', 15, 25, '2021-10-11', '16:20:00', 2),
(603, 'UX1292', 25, 17, '2021-10-05', '21:40:00', 6),
(604, 'UX2885', 17, 25, '2021-10-12', '16:45:00', 6),
(605, 'EZS2848', 25, 19, '2021-10-06', '13:35:00', 4),
(606, 'EZS9789', 19, 25, '2021-10-13', '21:05:00', 4),
(607, 'FR8143', 25, 37, '2021-10-07', '20:10:00', 5),
(608, 'FR4185', 37, 25, '2021-10-14', '09:35:00', 5),
(609, 'QTR7515', 25, 40, '2021-10-08', '10:30:00', 3),
(610, 'QTR6457', 40, 25, '2021-10-15', '22:40:00', 3),
(611, 'QTR4027', 25, 3, '2021-10-09', '20:25:00', 3),
(612, 'QTR9602', 3, 25, '2021-10-16', '21:10:00', 3),
(613, 'IBE0967', 25, 7, '2021-10-10', '18:25:00', 1),
(614, 'IBE0373', 7, 25, '2021-10-17', '21:15:00', 1),
(615, 'QTR6731', 25, 9, '2021-10-11', '09:00:00', 3),
(616, 'QTR7723', 9, 25, '2021-10-18', '20:30:00', 3),
(617, 'IBE4869', 25, 21, '2021-10-12', '13:30:00', 1),
(618, 'IBE3502', 21, 25, '2021-10-19', '07:35:00', 1),
(619, 'IBE3985', 25, 17, '2021-10-13', '10:30:00', 1),
(620, 'IBE0398', 17, 25, '2021-10-20', '08:00:00', 1),
(621, 'VY7291', 25, 16, '2021-10-04', '22:55:00', 2),
(622, 'VY8869', 16, 25, '2021-10-11', '21:35:00', 2),
(623, 'IBE6105', 25, 2, '2021-10-05', '17:35:00', 1),
(624, 'IBE3253', 2, 25, '2021-10-12', '12:55:00', 1),
(625, 'IBE9893', 25, 41, '2021-10-06', '09:00:00', 1),
(626, 'IBE8738', 41, 25, '2021-10-13', '17:25:00', 1),
(627, 'QTR3865', 25, 8, '2021-10-07', '14:00:00', 3),
(628, 'QTR6875', 8, 25, '2021-10-14', '13:40:00', 3),
(629, 'QTR7689', 25, 40, '2021-10-08', '22:45:00', 3),
(630, 'QTR9805', 40, 25, '2021-10-15', '14:55:00', 3),
(631, 'UX7182', 25, 5, '2021-10-09', '14:50:00', 6),
(632, 'UX9667', 5, 25, '2021-10-16', '14:55:00', 6),
(633, 'IBE0394', 25, 16, '2021-10-10', '08:25:00', 1),
(634, 'IBE9706', 16, 25, '2021-10-17', '14:20:00', 1),
(635, 'QTR8005', 25, 22, '2021-10-11', '22:40:00', 3),
(636, 'QTR0561', 22, 25, '2021-10-18', '11:00:00', 3),
(637, 'IBE9050', 25, 20, '2021-10-12', '14:50:00', 1),
(638, 'IBE7650', 20, 25, '2021-10-19', '21:35:00', 1),
(639, 'IBE1271', 25, 40, '2021-10-13', '12:25:00', 1),
(640, 'IBE8669', 40, 25, '2021-10-20', '22:35:00', 1),
(641, 'EZS7710', 25, 3, '2021-10-04', '22:50:00', 4),
(642, 'EZS8914', 3, 25, '2021-10-11', '21:40:00', 4),
(643, 'IBE4062', 25, 31, '2021-10-05', '19:55:00', 1),
(644, 'IBE4341', 31, 25, '2021-10-12', '18:55:00', 1),
(645, 'VY3508', 25, 12, '2021-10-06', '19:10:00', 2),
(646, 'VY8888', 12, 25, '2021-10-13', '17:05:00', 2),
(647, 'VY0316', 25, 12, '2021-10-07', '18:35:00', 2),
(648, 'VY1636', 12, 25, '2021-10-14', '20:05:00', 2),
(649, 'QTR3030', 25, 5, '2021-10-08', '16:25:00', 3),
(650, 'QTR5531', 5, 25, '2021-10-15', '21:30:00', 3),
(651, 'EZS1766', 25, 12, '2021-10-09', '17:10:00', 4),
(652, 'EZS3090', 12, 25, '2021-10-16', '10:35:00', 4),
(653, 'FR2496', 25, 9, '2021-10-10', '08:30:00', 5),
(654, 'FR5856', 9, 25, '2021-10-17', '15:45:00', 5),
(655, 'IBE0723', 25, 21, '2021-10-11', '14:30:00', 1),
(656, 'IBE5014', 21, 25, '2021-10-18', '21:05:00', 1),
(657, 'IBE3792', 25, 10, '2021-10-12', '21:20:00', 1),
(658, 'IBE8124', 10, 25, '2021-10-19', '19:05:00', 1),
(659, 'VY9186', 25, 12, '2021-10-13', '19:00:00', 2),
(660, 'VY8202', 12, 25, '2021-10-20', '19:05:00', 2),
(661, 'QTR7224', 25, 28, '2021-10-04', '11:40:00', 3),
(662, 'QTR1854', 28, 25, '2021-10-11', '18:05:00', 3),
(663, 'UX5763', 25, 7, '2021-10-05', '11:15:00', 6),
(664, 'UX0052', 7, 25, '2021-10-12', '11:10:00', 6),
(665, 'IBE7757', 25, 11, '2021-10-06', '18:30:00', 1),
(666, 'IBE3923', 11, 25, '2021-10-13', '20:30:00', 1),
(667, 'IBE6496', 25, 5, '2021-10-07', '21:50:00', 1),
(668, 'IBE6264', 5, 25, '2021-10-14', '20:20:00', 1),
(669, 'FR7910', 25, 13, '2021-10-08', '14:00:00', 5),
(670, 'FR1899', 13, 25, '2021-10-15', '14:35:00', 5),
(671, 'VY4719', 25, 23, '2021-10-09', '12:05:00', 2),
(672, 'VY3633', 23, 25, '2021-10-16', '14:30:00', 2),
(673, 'IBE9325', 25, 5, '2021-10-10', '11:15:00', 1),
(674, 'IBE2700', 5, 25, '2021-10-17', '22:45:00', 1),
(675, 'IBE2220', 25, 20, '2021-10-11', '17:20:00', 1),
(676, 'IBE0013', 20, 25, '2021-10-18', '13:30:00', 1),
(677, 'EZS7156', 25, 27, '2021-10-12', '18:50:00', 4),
(678, 'EZS9139', 27, 25, '2021-10-19', '12:15:00', 4),
(679, 'EZS6105', 25, 3, '2021-10-13', '17:15:00', 4),
(680, 'EZS4004', 3, 25, '2021-10-20', '20:45:00', 4),
(681, 'FR1826', 25, 5, '2021-10-04', '16:40:00', 5),
(682, 'FR0953', 5, 25, '2021-10-11', '09:35:00', 5),
(683, 'IBE8363', 25, 1, '2021-10-05', '11:20:00', 1),
(684, 'IBE4038', 1, 25, '2021-10-12', '21:15:00', 1),
(685, 'FR0189', 25, 4, '2021-10-06', '18:10:00', 5),
(686, 'FR9476', 4, 25, '2021-10-13', '17:20:00', 5),
(687, 'FR6640', 25, 27, '2021-10-07', '12:20:00', 5),
(688, 'FR1774', 27, 25, '2021-10-14', '14:45:00', 5),
(689, 'IBE5372', 25, 18, '2021-10-08', '16:15:00', 1),
(690, 'IBE8451', 18, 25, '2021-10-15', '21:50:00', 1),
(691, 'QTR5079', 25, 5, '2021-10-09', '17:35:00', 3),
(692, 'QTR4648', 5, 25, '2021-10-16', '07:40:00', 3),
(693, 'QTR3497', 25, 13, '2021-10-10', '20:50:00', 3),
(694, 'QTR4837', 13, 25, '2021-10-17', '13:50:00', 3),
(695, 'VY2142', 25, 9, '2021-10-11', '19:10:00', 2),
(696, 'VY7750', 9, 25, '2021-10-18', '18:40:00', 2),
(697, 'UX9286', 25, 39, '2021-10-12', '16:00:00', 6),
(698, 'UX1790', 39, 25, '2021-10-19', '11:25:00', 6),
(699, 'IBE3227', 25, 4, '2021-10-13', '10:25:00', 1),
(700, 'IBE2754', 4, 25, '2021-10-20', '20:00:00', 1),
(701, 'EZS9901', 25, 26, '2021-10-04', '22:30:00', 4),
(702, 'EZS9187', 26, 25, '2021-10-11', '11:05:00', 4),
(703, 'EZS2392', 25, 2, '2021-10-05', '09:35:00', 4),
(704, 'EZS4379', 2, 25, '2021-10-12', '14:25:00', 4),
(705, 'VY7485', 25, 29, '2021-10-06', '13:25:00', 2),
(706, 'VY7901', 29, 25, '2021-10-13', '14:30:00', 2),
(707, 'VY3540', 25, 6, '2021-10-07', '13:40:00', 2),
(708, 'VY4155', 6, 25, '2021-10-14', '21:00:00', 2),
(709, 'EZS1064', 25, 10, '2021-10-08', '20:45:00', 4),
(710, 'EZS3497', 10, 25, '2021-10-15', '18:30:00', 4),
(711, 'VY3885', 25, 32, '2021-10-09', '14:10:00', 2),
(712, 'VY9244', 32, 25, '2021-10-16', '08:55:00', 2),
(713, 'EZS8264', 25, 30, '2021-10-10', '11:05:00', 4),
(714, 'EZS8050', 30, 25, '2021-10-17', '18:20:00', 4),
(715, 'UX6738', 25, 34, '2021-10-11', '22:10:00', 6),
(716, 'UX8673', 34, 25, '2021-10-18', '15:55:00', 6),
(717, 'UX5248', 25, 27, '2021-10-12', '08:45:00', 6),
(718, 'UX5613', 27, 25, '2021-10-19', '11:35:00', 6),
(719, 'VY2781', 25, 16, '2021-10-13', '13:00:00', 2),
(720, 'VY6702', 16, 25, '2021-10-20', '07:25:00', 2),
(721, 'VY5282', 25, 33, '2021-10-04', '14:00:00', 2),
(722, 'VY4268', 33, 25, '2021-10-11', '11:00:00', 2),
(723, 'UX5053', 25, 14, '2021-10-05', '20:30:00', 6),
(724, 'UX3944', 14, 25, '2021-10-12', '16:30:00', 6),
(725, 'UX1185', 25, 10, '2021-10-06', '22:20:00', 6),
(726, 'UX0840', 10, 25, '2021-10-13', '09:20:00', 6),
(727, 'IBE1983', 25, 36, '2021-10-07', '18:35:00', 1),
(728, 'IBE1967', 36, 25, '2021-10-14', '17:15:00', 1),
(729, 'EZS7468', 25, 34, '2021-10-08', '19:35:00', 4),
(730, 'EZS1406', 34, 25, '2021-10-15', '08:55:00', 4),
(731, 'FR6514', 25, 37, '2021-10-09', '17:20:00', 5),
(732, 'FR7552', 37, 25, '2021-10-16', '20:30:00', 5),
(733, 'VY5196', 25, 28, '2021-10-10', '15:25:00', 2),
(734, 'VY0033', 28, 25, '2021-10-17', '16:15:00', 2),
(735, 'FR9227', 25, 38, '2021-10-11', '19:30:00', 5),
(736, 'FR3161', 38, 25, '2021-10-18', '17:25:00', 5),
(737, 'VY8302', 25, 34, '2021-10-12', '21:50:00', 2),
(738, 'VY9974', 34, 25, '2021-10-19', '13:25:00', 2),
(739, 'FR9340', 25, 8, '2021-10-13', '16:15:00', 5),
(740, 'FR0071', 8, 25, '2021-10-20', '20:20:00', 5),
(741, 'FR0167', 25, 21, '2021-10-04', '09:55:00', 5),
(742, 'FR2330', 21, 25, '2021-10-11', '19:55:00', 5),
(743, 'FR3397', 25, 21, '2021-10-05', '21:45:00', 5),
(744, 'FR2297', 21, 25, '2021-10-12', '18:30:00', 5),
(745, 'UX4705', 25, 14, '2021-10-06', '14:50:00', 6),
(746, 'UX3277', 14, 25, '2021-10-13', '14:10:00', 6),
(747, 'EZS0426', 25, 22, '2021-10-07', '20:15:00', 4),
(748, 'EZS7420', 22, 25, '2021-10-14', '14:40:00', 4),
(749, 'FR1905', 25, 24, '2021-10-08', '16:15:00', 5),
(750, 'FR8592', 24, 25, '2021-10-15', '15:35:00', 5),
(751, 'IBE5126', 25, 17, '2021-10-09', '11:35:00', 1),
(752, 'IBE1440', 17, 25, '2021-10-16', '18:00:00', 1),
(753, 'IBE5907', 25, 8, '2021-10-10', '12:30:00', 1),
(754, 'IBE0868', 8, 25, '2021-10-17', '17:10:00', 1),
(755, 'QTR4902', 25, 31, '2021-10-11', '21:40:00', 3),
(756, 'QTR8177', 31, 25, '2021-10-18', '13:55:00', 3),
(757, 'FR4085', 25, 26, '2021-10-12', '09:50:00', 5),
(758, 'FR0027', 26, 25, '2021-10-19', '10:45:00', 5),
(759, 'FR4400', 25, 40, '2021-10-13', '21:40:00', 5),
(760, 'FR0505', 40, 25, '2021-10-20', '09:25:00', 5),
(761, 'QTR1234', 25, 7, '2021-10-04', '22:20:00', 3),
(762, 'QTR4600', 7, 25, '2021-10-11', '08:50:00', 3),
(763, 'QTR7290', 25, 15, '2021-10-05', '19:05:00', 3),
(764, 'QTR7373', 15, 25, '2021-10-12', '07:50:00', 3),
(765, 'UX9336', 25, 29, '2021-10-06', '18:40:00', 6),
(766, 'UX8948', 29, 25, '2021-10-13', '20:30:00', 6),
(767, 'FR3990', 25, 12, '2021-10-07', '13:30:00', 5),
(768, 'FR7751', 12, 25, '2021-10-14', '18:00:00', 5),
(769, 'FR5930', 25, 28, '2021-10-08', '18:30:00', 5),
(770, 'FR7664', 28, 25, '2021-10-15', '09:35:00', 5),
(771, 'FR8111', 25, 24, '2021-10-09', '20:55:00', 5),
(772, 'FR9730', 24, 25, '2021-10-16', '14:05:00', 5),
(773, 'VY8297', 25, 7, '2021-10-10', '07:00:00', 2),
(774, 'VY4457', 7, 25, '2021-10-17', '20:40:00', 2),
(775, 'FR2587', 25, 1, '2021-10-11', '22:00:00', 5),
(776, 'FR8495', 1, 25, '2021-10-18', '09:40:00', 5),
(777, 'FR5355', 25, 33, '2021-10-12', '13:25:00', 5),
(778, 'FR8454', 33, 25, '2021-10-19', '17:30:00', 5),
(779, 'QTR6331', 25, 13, '2021-10-13', '22:15:00', 3),
(780, 'QTR4827', 13, 25, '2021-10-20', '09:05:00', 3),
(781, 'QTR3353', 25, 17, '2021-10-04', '11:40:00', 3),
(782, 'QTR8223', 17, 25, '2021-10-11', '12:30:00', 3),
(783, 'UX0304', 25, 33, '2021-10-05', '18:25:00', 6),
(784, 'UX7520', 33, 25, '2021-10-12', '18:30:00', 6),
(785, 'FR0842', 25, 14, '2021-10-06', '08:25:00', 5),
(786, 'FR0192', 14, 25, '2021-10-13', '10:35:00', 5),
(787, 'QTR1074', 25, 23, '2021-10-07', '14:35:00', 3),
(788, 'QTR8866', 23, 25, '2021-10-14', '14:55:00', 3),
(789, 'UX1567', 25, 26, '2021-10-08', '12:05:00', 6),
(790, 'UX1481', 26, 25, '2021-10-15', '14:15:00', 6),
(791, 'UX4820', 25, 33, '2021-10-09', '21:20:00', 6),
(792, 'UX3122', 33, 25, '2021-10-16', '07:40:00', 6),
(793, 'VY1771', 25, 39, '2021-10-10', '20:10:00', 2),
(794, 'VY9364', 39, 25, '2021-10-17', '11:25:00', 2),
(795, 'FR1691', 25, 13, '2021-10-11', '19:50:00', 5),
(796, 'FR3843', 13, 25, '2021-10-18', '07:15:00', 5),
(797, 'UX2376', 25, 22, '2021-10-12', '09:50:00', 6),
(798, 'UX2133', 22, 25, '2021-10-19', '14:35:00', 6),
(799, 'IBE1774', 25, 39, '2021-10-13', '07:30:00', 1),
(800, 'IBE0638', 39, 25, '2021-10-20', '22:00:00', 1),
(801, 'VY3405', 26, 37, '2021-10-04', '18:55:00', 2),
(802, 'VY0266', 37, 26, '2021-10-11', '11:25:00', 2),
(803, 'UX2561', 26, 20, '2021-10-05', '22:15:00', 6),
(804, 'UX6655', 20, 26, '2021-10-12', '10:55:00', 6),
(805, 'EZS0961', 26, 39, '2021-10-06', '22:00:00', 4),
(806, 'EZS8929', 39, 26, '2021-10-13', '21:55:00', 4),
(807, 'UX0125', 26, 2, '2021-10-07', '08:00:00', 6),
(808, 'UX3717', 2, 26, '2021-10-14', '08:35:00', 6),
(809, 'FR5370', 26, 29, '2021-10-08', '13:10:00', 5),
(810, 'FR7914', 29, 26, '2021-10-15', '14:05:00', 5),
(811, 'VY7202', 26, 14, '2021-10-09', '18:30:00', 2),
(812, 'VY4368', 14, 26, '2021-10-16', '21:15:00', 2),
(813, 'FR9033', 26, 12, '2021-10-10', '09:05:00', 5),
(814, 'FR7519', 12, 26, '2021-10-17', '16:40:00', 5),
(815, 'IBE0068', 26, 13, '2021-10-11', '07:25:00', 1),
(816, 'IBE3403', 13, 26, '2021-10-18', '21:05:00', 1),
(817, 'VY6911', 26, 14, '2021-10-12', '21:00:00', 2),
(818, 'VY0010', 14, 26, '2021-10-19', '07:10:00', 2),
(819, 'VY1069', 26, 22, '2021-10-13', '10:20:00', 2),
(820, 'VY2519', 22, 26, '2021-10-20', '10:45:00', 2),
(821, 'QTR9949', 26, 17, '2021-10-04', '19:35:00', 3),
(822, 'QTR8274', 17, 26, '2021-10-11', '20:15:00', 3),
(823, 'IBE9588', 26, 3, '2021-10-05', '22:05:00', 1),
(824, 'IBE2979', 3, 26, '2021-10-12', '21:55:00', 1),
(825, 'IBE7190', 26, 39, '2021-10-06', '16:35:00', 1),
(826, 'IBE0150', 39, 26, '2021-10-13', '13:55:00', 1),
(827, 'UX3119', 26, 14, '2021-10-07', '11:10:00', 6),
(828, 'UX6513', 14, 26, '2021-10-14', '20:15:00', 6),
(829, 'IBE2508', 26, 8, '2021-10-08', '17:45:00', 1),
(830, 'IBE4657', 8, 26, '2021-10-15', '18:25:00', 1),
(831, 'FR0850', 26, 38, '2021-10-09', '20:15:00', 5),
(832, 'FR6689', 38, 26, '2021-10-16', '18:40:00', 5),
(833, 'IBE0523', 26, 20, '2021-10-10', '13:05:00', 1),
(834, 'IBE9095', 20, 26, '2021-10-17', '11:30:00', 1),
(835, 'FR5328', 26, 21, '2021-10-11', '11:45:00', 5),
(836, 'FR5288', 21, 26, '2021-10-18', '13:50:00', 5),
(837, 'EZS7119', 26, 14, '2021-10-12', '12:15:00', 4),
(838, 'EZS5943', 14, 26, '2021-10-19', '07:50:00', 4),
(839, 'UX8973', 26, 38, '2021-10-13', '20:55:00', 6),
(840, 'UX0478', 38, 26, '2021-10-20', '13:40:00', 6),
(841, 'FR7395', 26, 25, '2021-10-04', '19:15:00', 5),
(842, 'FR3843', 25, 26, '2021-10-11', '10:10:00', 5),
(843, 'EZS9884', 26, 6, '2021-10-05', '21:35:00', 4),
(844, 'EZS4801', 6, 26, '2021-10-12', '07:20:00', 4),
(845, 'VY3256', 26, 25, '2021-10-06', '18:45:00', 2),
(846, 'VY1144', 25, 26, '2021-10-13', '08:35:00', 2),
(847, 'IBE4415', 26, 27, '2021-10-07', '20:20:00', 1),
(848, 'IBE5909', 27, 26, '2021-10-14', '19:55:00', 1),
(849, 'UX3754', 26, 14, '2021-10-08', '17:00:00', 6),
(850, 'UX5175', 14, 26, '2021-10-15', '15:20:00', 6),
(851, 'FR3342', 26, 18, '2021-10-09', '21:20:00', 5),
(852, 'FR4694', 18, 26, '2021-10-16', '15:10:00', 5),
(853, 'QTR2687', 26, 32, '2021-10-10', '14:20:00', 3),
(854, 'QTR7696', 32, 26, '2021-10-17', '22:35:00', 3),
(855, 'VY6504', 26, 21, '2021-10-11', '22:40:00', 2),
(856, 'VY5655', 21, 26, '2021-10-18', '07:55:00', 2),
(857, 'EZS7094', 26, 19, '2021-10-12', '11:05:00', 4),
(858, 'EZS9167', 19, 26, '2021-10-19', '20:05:00', 4),
(859, 'FR4733', 26, 1, '2021-10-13', '21:05:00', 5),
(860, 'FR0430', 1, 26, '2021-10-20', '10:00:00', 5),
(861, 'EZS1365', 26, 34, '2021-10-04', '21:05:00', 4),
(862, 'EZS8874', 34, 26, '2021-10-11', '12:20:00', 4),
(863, 'QTR9268', 26, 14, '2021-10-05', '18:50:00', 3),
(864, 'QTR2727', 14, 26, '2021-10-12', '07:15:00', 3),
(865, 'QTR7822', 26, 24, '2021-10-06', '11:20:00', 3),
(866, 'QTR0313', 24, 26, '2021-10-13', '10:50:00', 3),
(867, 'EZS0895', 26, 34, '2021-10-07', '19:35:00', 4),
(868, 'EZS5033', 34, 26, '2021-10-14', '12:55:00', 4),
(869, 'QTR1955', 26, 13, '2021-10-08', '16:30:00', 3),
(870, 'QTR1821', 13, 26, '2021-10-15', '08:55:00', 3),
(871, 'EZS1368', 26, 17, '2021-10-09', '07:40:00', 4),
(872, 'EZS7374', 17, 26, '2021-10-16', '15:55:00', 4),
(873, 'FR5883', 26, 35, '2021-10-10', '08:40:00', 5),
(874, 'FR1276', 35, 26, '2021-10-17', '11:15:00', 5),
(875, 'IBE6848', 26, 19, '2021-10-11', '09:55:00', 1),
(876, 'IBE9074', 19, 26, '2021-10-18', '21:35:00', 1),
(877, 'FR1005', 26, 24, '2021-10-12', '17:25:00', 5),
(878, 'FR3327', 24, 26, '2021-10-19', '20:40:00', 5),
(879, 'UX5057', 26, 17, '2021-10-13', '10:35:00', 6),
(880, 'UX7996', 17, 26, '2021-10-20', '19:50:00', 6),
(881, 'QTR1444', 26, 31, '2021-10-04', '09:25:00', 3),
(882, 'QTR1767', 31, 26, '2021-10-11', '17:55:00', 3),
(883, 'VY5705', 26, 33, '2021-10-05', '15:00:00', 2),
(884, 'VY5781', 33, 26, '2021-10-12', '13:55:00', 2),
(885, 'IBE0377', 26, 1, '2021-10-06', '18:55:00', 1),
(886, 'IBE2823', 1, 26, '2021-10-13', '15:55:00', 1),
(887, 'FR3802', 26, 31, '2021-10-07', '20:25:00', 5),
(888, 'FR4263', 31, 26, '2021-10-14', '12:40:00', 5),
(889, 'QTR5302', 26, 35, '2021-10-08', '13:00:00', 3),
(890, 'QTR6298', 35, 26, '2021-10-15', '11:50:00', 3),
(891, 'FR5695', 26, 4, '2021-10-09', '11:45:00', 5),
(892, 'FR3901', 4, 26, '2021-10-16', '08:30:00', 5),
(893, 'UX7439', 26, 27, '2021-10-10', '08:45:00', 6),
(894, 'UX2933', 27, 26, '2021-10-17', '16:40:00', 6),
(895, 'VY9199', 26, 7, '2021-10-11', '13:45:00', 2),
(896, 'VY6938', 7, 26, '2021-10-18', '13:00:00', 2),
(897, 'EZS2818', 26, 4, '2021-10-12', '13:45:00', 4),
(898, 'EZS4442', 4, 26, '2021-10-19', '18:15:00', 4),
(899, 'EZS3695', 26, 17, '2021-10-13', '17:05:00', 4),
(900, 'EZS0821', 17, 26, '2021-10-20', '09:50:00', 4),
(901, 'UX1550', 26, 8, '2021-10-04', '18:40:00', 6),
(902, 'UX7426', 8, 26, '2021-10-11', '11:20:00', 6),
(903, 'QTR6621', 26, 31, '2021-10-05', '12:05:00', 3),
(904, 'QTR5688', 31, 26, '2021-10-12', '13:55:00', 3),
(905, 'QTR6975', 26, 22, '2021-10-06', '16:30:00', 3),
(906, 'QTR3976', 22, 26, '2021-10-13', '16:35:00', 3),
(907, 'UX4322', 26, 35, '2021-10-07', '13:30:00', 6),
(908, 'UX1580', 35, 26, '2021-10-14', '15:00:00', 6),
(909, 'QTR7767', 26, 12, '2021-10-08', '10:20:00', 3),
(910, 'QTR7297', 12, 26, '2021-10-15', '20:10:00', 3),
(911, 'FR9556', 26, 6, '2021-10-09', '11:35:00', 5),
(912, 'FR2551', 6, 26, '2021-10-16', '15:55:00', 5),
(913, 'IBE1705', 26, 7, '2021-10-10', '11:50:00', 1),
(914, 'IBE1007', 7, 26, '2021-10-17', '14:25:00', 1),
(915, 'VY3442', 26, 7, '2021-10-11', '13:20:00', 2),
(916, 'VY5258', 7, 26, '2021-10-18', '19:35:00', 2),
(917, 'VY1522', 26, 12, '2021-10-12', '10:35:00', 2),
(918, 'VY0272', 12, 26, '2021-10-19', '21:15:00', 2),
(919, 'EZS7285', 26, 40, '2021-10-13', '22:05:00', 4),
(920, 'EZS0725', 40, 26, '2021-10-20', '19:30:00', 4),
(921, 'VY1765', 26, 34, '2021-10-04', '22:50:00', 2),
(922, 'VY5422', 34, 26, '2021-10-11', '15:05:00', 2),
(923, 'FR1317', 26, 6, '2021-10-05', '17:40:00', 5),
(924, 'FR7591', 6, 26, '2021-10-12', '12:00:00', 5),
(925, 'FR0640', 26, 2, '2021-10-06', '11:00:00', 5),
(926, 'FR6526', 2, 26, '2021-10-13', '17:00:00', 5),
(927, 'VY0598', 26, 3, '2021-10-07', '07:20:00', 2),
(928, 'VY6939', 3, 26, '2021-10-14', '21:00:00', 2),
(929, 'EZS8528', 26, 18, '2021-10-08', '20:40:00', 4),
(930, 'EZS4584', 18, 26, '2021-10-15', '21:05:00', 4),
(931, 'EZS0405', 26, 4, '2021-10-09', '18:30:00', 4),
(932, 'EZS5315', 4, 26, '2021-10-16', '07:35:00', 4),
(933, 'IBE3411', 26, 8, '2021-10-10', '16:00:00', 1),
(934, 'IBE6738', 8, 26, '2021-10-17', '10:15:00', 1),
(935, 'QTR7599', 26, 31, '2021-10-11', '12:55:00', 3),
(936, 'QTR9983', 31, 26, '2021-10-18', '13:50:00', 3),
(937, 'QTR3782', 26, 2, '2021-10-12', '15:25:00', 3),
(938, 'QTR2336', 2, 26, '2021-10-19', '15:00:00', 3),
(939, 'VY1223', 26, 38, '2021-10-13', '19:00:00', 2),
(940, 'VY6551', 38, 26, '2021-10-20', '11:10:00', 2),
(941, 'QTR5786', 26, 6, '2021-10-04', '22:15:00', 3),
(942, 'QTR3690', 6, 26, '2021-10-11', '19:15:00', 3),
(943, 'QTR2232', 26, 11, '2021-10-05', '08:35:00', 3),
(944, 'QTR7600', 11, 26, '2021-10-12', '09:55:00', 3),
(945, 'FR1693', 26, 33, '2021-10-06', '11:45:00', 5),
(946, 'FR7588', 33, 26, '2021-10-13', '08:35:00', 5),
(947, 'QTR3254', 26, 40, '2021-10-07', '20:10:00', 3),
(948, 'QTR3370', 40, 26, '2021-10-14', '08:30:00', 3),
(949, 'UX6750', 26, 25, '2021-10-08', '14:30:00', 6),
(950, 'UX4214', 25, 26, '2021-10-15', '22:25:00', 6),
(951, 'FR3514', 26, 27, '2021-10-09', '17:15:00', 5),
(952, 'FR2846', 27, 26, '2021-10-16', '09:30:00', 5),
(953, 'FR9827', 26, 17, '2021-10-10', '10:45:00', 5),
(954, 'FR8130', 17, 26, '2021-10-17', '10:20:00', 5),
(955, 'IBE1143', 26, 3, '2021-10-11', '16:40:00', 1),
(956, 'IBE0296', 3, 26, '2021-10-18', '21:15:00', 1),
(957, 'FR3889', 26, 28, '2021-10-12', '09:35:00', 5),
(958, 'FR3212', 28, 26, '2021-10-19', '10:50:00', 5),
(959, 'VY2022', 26, 32, '2021-10-13', '10:15:00', 2),
(960, 'VY7227', 32, 26, '2021-10-20', '21:40:00', 2),
(961, 'FR9689', 26, 33, '2021-10-04', '08:00:00', 5),
(962, 'FR7422', 33, 26, '2021-10-11', '11:25:00', 5),
(963, 'UX0217', 26, 29, '2021-10-05', '21:45:00', 6),
(964, 'UX9846', 29, 26, '2021-10-12', '08:25:00', 6),
(965, 'IBE6194', 26, 6, '2021-10-06', '19:35:00', 1);
INSERT INTO `vuelos` (`Id`, `Numero`, `Origen`, `Destino`, `Fecha`, `Hora`, `Aerolinea`) VALUES
(966, 'IBE3532', 6, 26, '2021-10-13', '19:40:00', 1),
(967, 'FR8997', 26, 19, '2021-10-07', '16:50:00', 5),
(968, 'FR2951', 19, 26, '2021-10-14', '19:55:00', 5),
(969, 'IBE2186', 26, 33, '2021-10-08', '21:40:00', 1),
(970, 'IBE7028', 33, 26, '2021-10-15', '17:05:00', 1),
(971, 'EZS9992', 26, 20, '2021-10-09', '12:05:00', 4),
(972, 'EZS0463', 20, 26, '2021-10-16', '20:15:00', 4),
(973, 'FR6868', 26, 36, '2021-10-10', '19:15:00', 5),
(974, 'FR3140', 36, 26, '2021-10-17', '19:45:00', 5),
(975, 'FR7104', 26, 1, '2021-10-11', '13:40:00', 5),
(976, 'FR0615', 1, 26, '2021-10-18', '17:35:00', 5),
(977, 'FR5586', 26, 41, '2021-10-12', '20:05:00', 5),
(978, 'FR4418', 41, 26, '2021-10-19', '11:05:00', 5),
(979, 'FR4945', 26, 10, '2021-10-13', '09:15:00', 5),
(980, 'FR7523', 10, 26, '2021-10-20', '20:10:00', 5),
(981, 'UX6111', 26, 27, '2021-10-04', '12:30:00', 6),
(982, 'UX6920', 27, 26, '2021-10-11', '22:55:00', 6),
(983, 'VY0212', 26, 11, '2021-10-05', '14:15:00', 2),
(984, 'VY1200', 11, 26, '2021-10-12', '14:35:00', 2),
(985, 'UX2476', 26, 2, '2021-10-06', '14:30:00', 6),
(986, 'UX8071', 2, 26, '2021-10-13', '19:40:00', 6),
(987, 'EZS6362', 26, 5, '2021-10-07', '07:25:00', 4),
(988, 'EZS5026', 5, 26, '2021-10-14', '18:20:00', 4),
(989, 'QTR0066', 26, 34, '2021-10-08', '14:35:00', 3),
(990, 'QTR6822', 34, 26, '2021-10-15', '14:45:00', 3),
(991, 'IBE5047', 26, 16, '2021-10-09', '10:35:00', 1),
(992, 'IBE6742', 16, 26, '2021-10-16', '16:30:00', 1),
(993, 'VY2190', 26, 20, '2021-10-10', '17:30:00', 2),
(994, 'VY9640', 20, 26, '2021-10-17', '10:25:00', 2),
(995, 'UX0372', 26, 34, '2021-10-11', '08:30:00', 6),
(996, 'UX5119', 34, 26, '2021-10-18', '09:10:00', 6),
(997, 'QTR6419', 26, 30, '2021-10-12', '09:25:00', 3),
(998, 'QTR5133', 30, 26, '2021-10-19', '08:50:00', 3),
(999, 'UX6357', 26, 2, '2021-10-13', '20:40:00', 6),
(1000, 'UX6152', 2, 26, '2021-10-20', '13:55:00', 6);
COMMIT;
